{
  "vaultDNS": "partnersi-prana4life-quality",
  "username": "prana.user2@partnersi-prana4life.com",
  "password": "Pr@n@2002",
  "api_version": "v23.1",
  "target_format": {
    "format_type": "csv",
    "delimiter":"pipe",
    "escape_character":"back slash",
    "text_enclosure_char":"double quotes"
  },
  "type__v": "Unclassified",
  "lifecycle__v": "Inbox",
  "publish_metadata_file": true,
  "publish_to_adept": {
    "action": "publish",
    "adept_instance_url":"http://demo.adept.eoncollective.com",
    "adept_project_id":"527",
    "adept_project_stage_name":"airbyte_veeva_to_adept"
  }
}